pearson_corr_ah,pearson_corr_ha,pearson_corr_ac,pearson_corr_ca,pearson_corr_ch,pearson_corr_hc
0.6236833481052744,0.6259720368044984,0.6083954720569505,0.627861592279795,0.6281496537575777,0.6106803240373718
0.7090739584432685,0.70821922970647,0.7112944238943208,0.7178359367781709,0.7150952943475437,0.7079156613628869
0.7692879745254462,0.7481905116042625,0.7698609642189427,0.7508364226522776,0.7705397316644644,0.7683630682530894
0.6753195227061527,0.6804991494622297,0.6847320448164016,0.6827267792070087,0.6746966119366692,0.6824323372912168
0.7495892561950152,0.7430824300131857,0.7583413245368725,0.7408415309523273,0.7484043230732679,0.7594802288036178
