pearson_corr_ah,pearson_corr_ha,pearson_corr_ac,pearson_corr_ca,pearson_corr_ch,pearson_corr_hc
0.4787956875119823,0.4662366210739358,0.4633993543226814,0.46114132760140636,0.46848352027163237,0.45848255655866027
0.9999996307466055,0.9999995948894186,0.999999651471435,0.9999996253566688,0.9999996218057429,0.9999995989629347
0.45851977449605064,0.4527241097129251,0.47089869537229934,0.4577528230326675,0.45002682055762244,0.4570702656826602
0.26719500293103,0.2685011134398488,0.27098344249145306,0.26584869233038017,0.26657011964151117,0.2733975801668578
0.4194263339290273,0.44108808653840537,0.44675843553361977,0.45339274266224316,0.43100003473431797,0.446526680030997
