pearson_corr_aa,pearson_corr_hh,pearson_corr_cc,pearson_corr_ah,pearson_corr_ha,pearson_corr_ac,pearson_corr_ca,pearson_corr_ch,pearson_corr_hc
-0.0059032381157907085,-0.0010426328270180965,0.0027550636194590564,-0.004597404949082255,-0.009889352524190738,0.003874057685496075,0.00031407254854393346,-0.0033914776164356833,-0.00540986807920236
-0.0004340912358097628,-0.00032919016221025156,5.070186393711063e-05,0.00047147728600620097,0.0012543455087619952,0.00048569939109378976,0.0005432642405866191,0.0007495505288651938,0.0005188529999620973
-0.0011724357475853286,-0.0007948775303560742,-0.0010685607723324715,-8.994240492115128e-05,-8.622204333518238e-05,0.0002422512382538244,0.00015702499862579875,0.00011087968677066746,-8.451479868441581e-06
-0.004727160877926333,-0.015002136617693633,0.006478121652385076,-0.007867786801451363,0.004990995794829015,0.004818639454565529,-0.0042552285949718615,-0.012162198911406298,-0.00575793734475306
-0.0018724091817607746,-0.0017095045677524377,-0.0003475331773680759,0.00018166388458419426,0.00013655142353601946,0.0007247352051429018,-0.0005847226399658988,0.0003489370156748039,1.870908164861225e-05
-0.002064969611960178,-0.0004088959731247276,-0.003300541309681702,0.0008243945560938984,0.0030976202514935098,-0.0014604109595197368,-0.005386213439885651,-0.0033271745412459344,0.004143042884026128
-0.007961266711753137,0.005845197922675946,-0.00150091019313077,-0.011055406043517938,-0.004481082757366814,-0.004355191990530046,0.0014332612509051462,-0.007287562837081598,0.005865467541397978
-0.0017921109755245869,-0.0008655480047474468,-9.157809245944019e-05,0.0003286992117071973,0.0018343895701778063,0.00035295395876244593,0.000549528979331997,0.001457809506209749,-0.0008243558724004551
0.0013031689609451895,-0.002140895725108424,-0.0009792354516144739,-0.0012212362918478012,-0.000548636034213426,0.0004279612894531097,0.00014148736199585886,-0.002146831593338156,0.0028227306377189435
-0.0033695819444222773,0.008181924531795818,-0.0035753755070111067,0.01172592737611555,0.005073271882729924,-0.001772465982450409,0.007584980302711898,7.587463601567831e-05,-0.003574093887795361
