pearson_corr_aa,pearson_corr_hh,pearson_corr_cc,pearson_corr_ah,pearson_corr_ha,pearson_corr_ac,pearson_corr_ca,pearson_corr_ch,pearson_corr_hc
-0.012236240718926206,0.019592012978570973,-0.01849052370264933,0.007921773530962165,-0.025848479656230106,0.0031161870658137415,0.002011032307422865,-0.004925941905207653,-0.013350652609442631
0.019632797079184815,-0.01757245568614421,-0.026300905997753053,0.0022599052227692843,0.011352126245611603,-0.008822053650630856,-0.0003937961768484923,-0.0023459939605309796,-0.007940712434186726
-0.002213740627374298,0.006923217629790196,0.01978820746391269,-0.020497510780768786,-0.0008467773317822322,-0.0067247165623037335,0.008228182667201265,-0.0035674756684717854,0.0097584937859056
0.007701965402169782,-0.0006502373498812028,-0.004760515270197827,0.009696962933298097,0.0024188847494719533,-0.0002228477807755342,-0.004093572708401413,-0.004324647996845651,-0.0015042787819422364
-0.0007182647763830247,-0.0004637583543513066,-0.0018254618131240364,0.00010280116285293805,-0.0001589860301664527,-2.788212389024617e-05,0.00016346480672532377,-0.00053739230723004,-0.0005295984249744218
