pearson_corr_aa,pearson_corr_hh,pearson_corr_cc,pearson_corr_ah,pearson_corr_ha,pearson_corr_ac,pearson_corr_ca,pearson_corr_ch,pearson_corr_hc
-0.0019194649645730446,0.0009887977436436703,-0.0004984202366176587,0.0003541227658368213,0.00022070998811826796,0.00026251312148571377,-6.042360584401265e-05,0.0012084659528676465,0.0006820767684342229
-0.000918530920032758,-0.0009437660686980346,-0.000996760630878186,0.00025167788194338937,0.0003005322135466329,-6.696593386198359e-05,-0.00019587647653076913,9.014488468119299e-05,0.00011326885915983381
-0.003496719629925674,0.0006264914980468405,-0.0004116729945399442,-0.001957642298895822,-0.0007821769645594745,-0.0016876667029881531,0.000678680109148943,-0.001855842660176116,-0.0007715920515668334
0.001817644746528174,-0.0010640802388091652,0.005576354914114956,-0.00519604000448078,-2.1378460291053625e-05,0.0057959373427857695,0.01411821989431076,0.008965949019863632,-0.011491144486109108
-0.0009879746494513022,-0.0009261633320557733,-0.0010707427791226995,-0.0001331808872796991,-8.876703169191585e-05,9.715624362331211e-06,7.118632938413778e-06,-5.559411179947627e-05,-4.5246602199572604e-05
