pearson_corr_aa,pearson_corr_hh,pearson_corr_cc,pearson_corr_ah,pearson_corr_ha,pearson_corr_ac,pearson_corr_ca,pearson_corr_ch,pearson_corr_hc
-0.001463249162480871,-0.0013167904586213854,-0.0016296944939409683,-0.0002628904084247898,0.001974238861326912,0.0007126342420253285,-4.138103545109013e-05,0.0002571995642455831,-0.0003333296521311197
-0.0011237858910551168,-0.0009814264742284968,-0.0009555666152842684,9.633763783589033e-05,1.1763529906640457e-07,0.00010707122879740067,0.00013511121459310803,2.849674264552039e-05,-7.955467801446134e-05
-0.010597022216059989,-0.0207430888739037,0.022074048662166428,-0.019615265763839946,-0.010727094563909145,0.026072908144934074,0.02252804809688593,0.018401980885224968,0.0009231159362129927
-0.0010120547893497788,-0.0009633084087846824,-0.0010024595149406863,4.3959249876412534e-05,4.763782671956668e-05,-3.742401921869202e-05,-1.591204838679601e-05,-2.749394794097691e-05,-2.7670242993765278e-05
-0.0007120837670104516,-0.0009389954961740477,-0.0011309977429228104,-0.00032601351792567516,-0.00042570458234630345,2.519653128059493e-05,5.1037416382480306e-05,4.448230848710693e-05,8.83350158569556e-06
