pearson_corr_aa,pearson_corr_hh,pearson_corr_cc,pearson_corr_ah,pearson_corr_ha,pearson_corr_ac,pearson_corr_ca,pearson_corr_ch,pearson_corr_hc
-0.0009534527719522761,0.010046597218216453,0.012426429471418534,0.002043087848217083,-0.0033694731026747515,-0.0023638438629083455,0.0029945426995494225,-0.00861463861927493,-0.01590438118457328
-0.0009534527713482534,0.01004659721857024,0.012426429471389482,0.002043087847736057,-0.00336947310312139,-0.0023638438626164752,0.0029945426994889427,-0.008614638619226634,-0.015904381184789537
