pearson_corr_aa,pearson_corr_hh,pearson_corr_cc,pearson_corr_ah,pearson_corr_ha,pearson_corr_ac,pearson_corr_ca,pearson_corr_ch,pearson_corr_hc
-8.606778186350166e-05,0.023251187046779025,0.002632727509526896,-0.00045011398002598054,-0.019165746135891445,0.00010084887249306104,0.008352952258307785,-0.00987745528753098,-0.008534537004332089
