pearson_corr_aa,pearson_corr_hh,pearson_corr_cc,pearson_corr_ah,pearson_corr_ha,pearson_corr_ac,pearson_corr_ca,pearson_corr_ch,pearson_corr_hc
-4.772636648238077e-05,0.030237700036654578,-0.0003831478216275704,5.425562373747954e-05,-0.0032909082911844953,1.2044734521783984e-05,0.000665448570807579,-0.003495696090756721,-0.0005293253233418009
