pearson_corr_aa,pearson_corr_hh,pearson_corr_cc,pearson_corr_ah,pearson_corr_ha,pearson_corr_ac,pearson_corr_ca,pearson_corr_ch,pearson_corr_hc
-0.0010937296212307867,0.013471926084828119,0.010724045701747467,0.002309434106939207,-0.004593947950738896,-0.001661784992269823,0.0034910999468249393,-0.009930458785861747,-0.01552230525501722
-0.0010689017108149272,0.011587735200645913,0.010600180576517482,0.0023200820958315252,-0.004403010948372421,-0.0024241099173873864,0.003232078721118708,-0.008573242840553842,-0.016054242860423243
-0.0010209551171420084,0.011987847425656778,0.010043930851162754,0.0029844730477753775,-0.003642713228336172,-0.002475465899735231,0.0027776683683443234,-0.00893472496057065,-0.0146969128257428
-0.0013053571724959887,0.011776929393169188,0.013044247582835351,0.0026206510152014515,-0.0038244510625981844,-0.003149249288280441,0.0032191266181817338,-0.009254487651324576,-0.0178358732428651
-0.0013139627522847678,0.015293945596717791,0.011963278786551557,0.005627335723165994,-0.002461972045169273,-0.00657092990452305,0.00177335114028026,-0.009389135031495341,-0.02204255251090882
-0.0010907667615851293,0.009120415340264544,0.012555121385779367,0.001697391857822997,-0.004117083829940155,-0.002056327074830371,0.004096977680188818,-0.008689864413011691,-0.014288340277067735
-0.0010845119166650265,0.010892698759610183,0.008762508081980052,0.002670172946229282,-0.00330639285569521,-0.0024449330465861575,0.0025595529916526494,-0.00788066181772722,-0.014218161734585809
-0.0013455621799001013,0.011290914804424427,0.012033469905959146,0.0027089586152628927,-0.004294525898349099,-0.0032464179360586474,0.00386744185977077,-0.009972631942928441,-0.015748237501478718
-0.0010930771915852165,0.009929574792079615,0.011179427320373556,0.0026719035274091318,-0.00302024519439675,-0.0033626660094974664,0.0026828334603434508,-0.00868910971603575,-0.015147435257376772
-0.0009534527719522761,0.010046597218216453,0.012426429471418534,0.002043087848217083,-0.0033694731026747515,-0.0023638438629083455,0.0029945426995494225,-0.00861463861927493,-0.01590438118457328
