pearson_corr_aa,pearson_corr_hh,pearson_corr_cc,pearson_corr_ah,pearson_corr_ha,pearson_corr_ac,pearson_corr_ca,pearson_corr_ch,pearson_corr_hc
-0.0021330416540918744,0.022382185682656413,0.008999977332053221,0.0027412932203858516,-0.015673306606274306,-0.0009904587530469055,0.011035417990991012,-0.015705655531314353,-0.013666920954313653
-0.001962487367859106,0.02579461837699235,0.010353517535863827,0.0020671216418705445,-0.019165078601811783,-0.0014381043133559275,0.009974831548047432,-0.013540301316266658,-0.020962308662427438
-0.0016504489718872201,0.024965359853320677,0.010246987847369386,0.0016731772366410222,-0.01862745636357181,-0.000743205728334647,0.011943325986817787,-0.015513265174768922,-0.018593818962995664
-0.0037197989897764967,0.023255296904670014,0.00549104065076052,0.004054223497034442,-0.020512356959086916,-0.0024521588391540673,0.010160078163530529,-0.0113315022787104,-0.013767539251739468
-0.0012936430913437827,0.02390348839708418,0.008499805048501625,0.001418541995719042,-0.01472283087508265,-0.00021009846187555932,0.008755948284546676,-0.014533399243924466,-0.015820862376923078
-0.0023274392244149902,0.020815235575981486,0.008525790058192807,0.0024046207742582995,-0.01699441718340572,-0.0020674458514264786,0.00911456107209894,-0.010489401522250558,-0.019194406075421683
-0.00032775749045180723,0.021712023024875675,0.009318348461390511,-0.00013091222087807715,-0.01978217545731139,-1.8596203747188578e-05,0.013941237240152506,-0.014845461317059005,-0.016207163689215803
-0.0013632914224123598,0.023242013852697165,0.008989209500683153,0.0013214752354948722,-0.01983202699644855,-0.0010673153124572444,0.01068250744772072,-0.01184368903006419,-0.02008301894099388
-0.0013312752502517855,0.022282354570640758,0.007988698471597321,0.0011943752835046866,-0.017612068694884134,-0.0008186483903038611,0.009322096961264102,-0.01191729343214633,-0.017380717548606178
-0.002208194098164623,0.022188599766589264,0.008335341131636061,0.002042089302447765,-0.019321794264378828,-0.0015082387258310774,0.010454950781080753,-0.011898077337992922,-0.01901257093561911
