pearson_corr_aa,pearson_corr_hh,pearson_corr_cc,pearson_corr_ah,pearson_corr_ha,pearson_corr_ac,pearson_corr_ca,pearson_corr_ch,pearson_corr_hc
0.0010546166354941464,0.025945587615921445,0.00017861393723041932,-0.0018534837785189825,-0.02183549118001192,0.000650084100805117,0.009796273750097952,-0.01149786885109718,-0.00438591734257879
-5.026889021419947e-05,0.022968557254879205,0.0030109670460502762,-0.0003009047911510536,-0.01884978295942867,-0.000715280532086993,0.009957241669542037,-0.011928260365402505,-0.009194546688367694
0.0011779499398594888,0.021437838705278812,0.002533863616424934,-0.0019559295583474446,-0.019092071827043974,0.0005447649859800524,0.010570322310445069,-0.011628698600300235,-0.008067751725032246
0.0044064597703433635,0.023122007817825585,0.003017432456131735,-0.005071672069149476,-0.022664361507914156,0.0019858825260160554,0.012168315485167395,-0.012420008165913472,-0.006891031693389974
0.0038002738799901297,0.023997077675863017,0.002667247111247087,-0.004524505896549956,-0.021407442147293978,0.002051828299913722,0.010794421272905594,-0.011785471894850607,-0.008351801055705288
-0.0004113352331882032,0.023679251704191648,0.00370933329575516,-0.0002576479069299721,-0.018830249079120693,-1.1960281652969643e-05,0.008555329867744288,-0.01092379779145657,-0.01130735336114383
7.765164653365643e-06,0.024221477309898487,0.0009480643538565054,-0.00029011592114164936,-0.020527515532162928,-0.0001286331772793372,0.008354364267934573,-0.009781635030487927,-0.006801518004207087
0.001591115595891813,0.026773685641174702,0.0023317400053176614,-0.0027448159771526694,-0.021089767868713714,0.0006903243270928689,0.009190003564260042,-0.011494066860492536,-0.008549004178018542
0.0016266282548166161,0.019721642813761285,0.0047413217881102886,-0.002070321180779624,-0.018015223077907976,0.0013621832661616553,0.008924584558142436,-0.009157474429725096,-0.013374823657171329
-8.606778186350166e-05,0.023251187046779025,0.002632727509526896,-0.00045011398002598054,-0.019165746135891445,0.00010084887249306104,0.008352952258307785,-0.00987745528753098,-0.008534537004332089
