pearson_corr_xx,pearson_corr_aa,pearson_corr_hh,pearson_corr_cc,pearson_corr_xa,pearson_corr_ax,pearson_corr_xh,pearson_corr_hx,pearson_corr_xc,pearson_corr_cx,pearson_corr_ah,pearson_corr_ha,pearson_corr_ac,pearson_corr_ca,pearson_corr_ch,pearson_corr_hc
-0.0031807893276038085,-0.002208194098164623,0.022188599766589264,0.008335341131636061,0.004264056928366962,0.002042089302447765,-0.0031807893276038085,0.022188599766589264,0.0009587568438777682,-0.011898077337992922,0.002042089302447765,-0.019321794264378828,-0.0015082387258310774,0.010454950781080753,-0.011898077337992922,-0.01901257093561911
